lavonne_dalton@outlook.com,@E4H*NyshkJ1,Lavonne,DALTON,1,0174525423,2021-01-03
almeda_mccormack@protonmail.com,Eh7$XaP$I7AR,Almeda,MCORMACK,2,0174525324,2020-11-13
cheree_fletcher@aol.com,OIItj%aNYN*e,Cheree,FLETCHER,3,0773225324,2021-02-13
kanisha_stubbs@gmail.com,Bltp!ont3u6E,Kanisha,STUBBS,4,0674225324,2021-03-16
yetta_daly@outlook.com,t4^V1rqfyVe%,Yetta,DALY,5,0673225324,2020-12-01
camie_nicol@hotmail.com,sJys@#ybzjeO,Camille,NICOLE,6,0671225324,2020-06-20
markita_rhodes@zohomail.com,AouzEnd!Kkhe,Markita,RHODES,7,0671345324,2020-10-25
millard_little@protonmail.com,m!FR^zAxe7Mx,Millard,LITTLE,8,0372345324,2019-03-20
rebeca_grey@outlook.com,W^tyZzm4ZqOA,Rebeca,GREY,9,0188345324,2019-10-25
noel_hagan@yahoo.com,DqA8Kg^zNC1a,Noel,HAGAN,10,0188257124,2020-11-27
brady_jacobs@mail.com,QE&vFvG59K8y,Brady,JACOB,11,0783257124,2020-12-26
kevin_lees@zohomail.com,U*@NuCboIfdB,Kevin,LEES,12,0682257124,2021-02-26
dovie_swan@mail.com,mg5lV7WI&md1,Dovie,SWAN,13,0712257124,2021-03-10
alina_yates@gmail.com,L8&!i$FOvmlB,Alina,Yates,14,0712133424,2021-03-17
lauren_moss@aol.com,AKIM^zZe2*2C,Lauren,Moss,15,0754333424,2021-03-20
